{"eval/roc_auc":0.99949018533712,"train/learning_rate":1.4668161362122468e-05,"eval/runtime":103.0536,"train/grad_norm":21.682781219482422,"eval/steps_per_second":13.828,"eval/loss":0.04183071479201317,"eval/accuracy":0.9907872513106232,"eval/recall":0.9858416577231074,"train/global_step":23250,"train/epoch":1.019871035662587,"train/loss":0.0075309228897094726,"_timestamp":1.7841271569764147e+09,"eval/precision":0.9967863105175292,"eval/samples_per_second":442.381,"_wandb":{"runtime":2948},"eval/f1":0.9912837753704395,"_step":465,"_runtime":2948}