{"train/learning_rate":1.4590643274853802e-06,"_wandb":{"runtime":65},"_step":9,"train/loss":0.27215095520019533,"train/grad_norm":1.5428342819213867,"train/epoch":0.021932710444356712,"_timestamp":1.7840493954744704e+09,"_runtime":65,"train/global_step":500}